namespace,action,decision,scope
microsoft.directory,microsoft.directory/accessReviews/allProperties/allTasks,invalidAction,/
microsoft.directory,microsoft.directory/accessReviews/allProperties/read,invalidAction,/
microsoft.directory,microsoft.directory/accessReviews/definitions.applications/allProperties/allTasks,invalidAction,/
microsoft.directory,microsoft.directory/accessReviews/definitions.applications/allProperties/read,invalidAction,/
microsoft.directory,microsoft.directory/accessReviews/definitions.directoryRoles/allProperties/allTasks,invalidAction,/
microsoft.directory,microsoft.directory/accessReviews/definitions.directoryRoles/allProperties/read,invalidAction,/
microsoft.directory,microsoft.directory/accessReviews/definitions.entitlementManagement/allProperties/allTasks,invalidAction,/
microsoft.directory,microsoft.directory/accessReviews/definitions.groups/allProperties/read,invalidAction,/
microsoft.directory,microsoft.directory/accessReviews/definitions.groups/allProperties/update,invalidAction,/
microsoft.directory,microsoft.directory/accessReviews/definitions.groupsAssignableToRoles/allProperties/update,invalidAction,/
microsoft.directory,microsoft.directory/accessReviews/definitions.groupsAssignableToRoles/create,notAllowed,/
microsoft.directory,microsoft.directory/accessReviews/definitions.groupsAssignableToRoles/delete,notAllowed,/
microsoft.directory,microsoft.directory/accessReviews/definitions.groups/create,notAllowed,/
microsoft.directory,microsoft.directory/accessReviews/definitions.groups/delete,notAllowed,/
microsoft.directory,microsoft.directory/accessReviews/definitions/allProperties/allTasks,invalidAction,/
microsoft.directory,microsoft.directory/accessReviews/definitions/allProperties/read,invalidAction,/
microsoft.directory,microsoft.directory/adminConsentRequestPolicy/allProperties/allTasks,invalidAction,/
microsoft.directory,microsoft.directory/adminConsentRequestPolicy/allProperties/read,invalidAction,/
microsoft.directory,microsoft.directory/administrativeUnits/allProperties/allTasks,invalidAction,/
microsoft.directory,microsoft.directory/administrativeUnits/allProperties/read,invalidAction,/
microsoft.directory,microsoft.directory/administrativeUnits/members/read,allowed,/
microsoft.directory,microsoft.directory/administrativeUnits/members/update,notAllowed,/
microsoft.directory,microsoft.directory/administrativeUnits/members/update,notAllowed,/
microsoft.directory,microsoft.directory/administrativeUnits/standard/read,allowed,/
microsoft.directory,microsoft.directory/appConsent/appConsentRequests/allProperties/read,invalidAction,/
microsoft.directory,microsoft.directory/applicationPolicies/allProperties/read,invalidAction,/
microsoft.directory,microsoft.directory/applicationPolicies/allProperties/update,invalidAction,/
microsoft.directory,microsoft.directory/applicationPolicies/basic/update,conditional,/
microsoft.directory,microsoft.directory/applicationPolicies/createAsOwner,allowed,/
microsoft.directory,microsoft.directory/applicationPolicies/create,notAllowed,/
microsoft.directory,microsoft.directory/applicationPolicies/delete,conditional,/
microsoft.directory,microsoft.directory/applicationPolicies/owners/read,allowed,/
microsoft.directory,microsoft.directory/applicationPolicies/owners/update,conditional,/
microsoft.directory,microsoft.directory/applicationPolicies/owners/update,conditional,/
microsoft.directory,microsoft.directory/applicationPolicies/policyAppliedTo/read,allowed,/
microsoft.directory,microsoft.directory/applicationPolicies/standard/read,allowed,/
microsoft.directory,microsoft.directory/applications.myOrganization/allProperties/read,invalidAction,/
microsoft.directory,microsoft.directory/applications.myOrganization/allProperties/update,invalidAction,/
microsoft.directory,microsoft.directory/applications.myOrganization/appRoles/update,conditional,/
microsoft.directory,microsoft.directory/applications.myOrganization/audience/update,conditional,/
microsoft.directory,microsoft.directory/applications.myOrganization/authentication/update,conditional,/
microsoft.directory,microsoft.directory/applications.myOrganization/basic/update,conditional,/
microsoft.directory,microsoft.directory/applications.myOrganization/credentials/update,conditional,/
microsoft.directory,microsoft.directory/applications.myOrganization/delete,conditional,/
microsoft.directory,microsoft.directory/applications.myOrganization/extensionProperties/update,conditional,/
microsoft.directory,microsoft.directory/applications.myOrganization/extensionProperties/update,conditional,/
microsoft.directory,microsoft.directory/applications.myOrganization/notes/update,conditional,/
microsoft.directory,microsoft.directory/applications.myOrganization/owners/read,allowed,/
microsoft.directory,microsoft.directory/applications.myOrganization/owners/update,conditional,/
microsoft.directory,microsoft.directory/applications.myOrganization/owners/update,conditional,/
microsoft.directory,microsoft.directory/applications.myOrganization/permissions/update,conditional,/
microsoft.directory,microsoft.directory/applications.myOrganization/standard/read,allowed,/
microsoft.directory,microsoft.directory/applications.myOrganization/tag/update,conditional,/
microsoft.directory,microsoft.directory/applications/allProperties/allTasks,invalidAction,/
microsoft.directory,microsoft.directory/applications/allProperties/read,invalidAction,/
microsoft.directory,microsoft.directory/applications/allProperties/update,invalidAction,/
microsoft.directory,microsoft.directory/applications/applicationProxyAuthentication/update,notAllowed,/
microsoft.directory,microsoft.directory/applications/applicationProxy/read,notAllowed,/
microsoft.directory,microsoft.directory/applications/applicationProxySslCertificate/update,notAllowed,/
microsoft.directory,microsoft.directory/applications/applicationProxy/update,notAllowed,/
microsoft.directory,microsoft.directory/applications/applicationProxyUrlSettings/update,notAllowed,/
microsoft.directory,microsoft.directory/applications/appRoles/update,conditional,/
microsoft.directory,microsoft.directory/applications/audience/update,conditional,/
microsoft.directory,microsoft.directory/applications/authentication/update,conditional,/
microsoft.directory,microsoft.directory/applications/basic/update,conditional,/
microsoft.directory,microsoft.directory/applications/createAsOwner,allowed,/
microsoft.directory,microsoft.directory/applications/create,notAllowed,/
microsoft.directory,microsoft.directory/applications/credentials/update,conditional,/
microsoft.directory,microsoft.directory/applications/delete,conditional,/
microsoft.directory,microsoft.directory/applications/extensionProperties/update,conditional,/
microsoft.directory,microsoft.directory/applications/extensionProperties/update,conditional,/
microsoft.directory,microsoft.directory/applications/notes/update,conditional,/
microsoft.directory,microsoft.directory/applications/owners/limitedRead,notAllowed,/
microsoft.directory,microsoft.directory/applications/owners/read,allowed,/
microsoft.directory,microsoft.directory/applications/owners/update,conditional,/
microsoft.directory,microsoft.directory/applications/owners/update,conditional,/
microsoft.directory,microsoft.directory/applications/permissions/update,conditional,/
microsoft.directory,microsoft.directory/applications/policies/limitedRead,notAllowed,/
microsoft.directory,microsoft.directory/applications/policies/read,allowed,/
microsoft.directory,microsoft.directory/applications/policies/update,conditional,/
microsoft.directory,microsoft.directory/applications/restore,notAllowed,/
microsoft.directory,microsoft.directory/applications/standard/limitedRead,notAllowed,/
microsoft.directory,microsoft.directory/applications/standard/read,allowed,/
microsoft.directory,microsoft.directory/applications/synchronization/standard/read,notAllowed,/
microsoft.directory,microsoft.directory/applications/tag/update,conditional,/
microsoft.directory,microsoft.directory/applications/verification/update,conditional,/
microsoft.directory,microsoft.directory/applicationTemplates/instantiate,notAllowed,/
microsoft.directory,microsoft.directory/appRoleAssignments/allProperties/allTasks,invalidAction,/
microsoft.directory,microsoft.directory/appRoleAssignments/basic/update,notAllowed,/
microsoft.directory,microsoft.directory/appRoleAssignments/createAsOwner,notAllowed,/
microsoft.directory,microsoft.directory/appRoleAssignments/create,notAllowed,/
microsoft.directory,microsoft.directory/appRoleAssignments/delete,notAllowed,/
microsoft.directory,microsoft.directory/appRoleAssignments/standard/read,notAllowed,/
microsoft.directory,microsoft.directory/attributeSets/allProperties/allTasks,invalidAction,/
microsoft.directory,microsoft.directory/attributeSets/allProperties/read,invalidAction,/
microsoft.directory,microsoft.directory/auditLogs/allProperties/read,invalidAction,/
microsoft.directory,microsoft.directory/authorizationPolicy/allProperties/allTasks,invalidAction,/
microsoft.directory,microsoft.directory/authorizationPolicy/basic/update,notAllowed,/
microsoft.directory,microsoft.directory/authorizationPolicy/defaultUserRoleOverrides/update,notAllowed,/
microsoft.directory,microsoft.directory/authorizationPolicy/defaultUserRolePermissions/update,notAllowed,/
microsoft.directory,microsoft.directory/authorizationPolicy/guestUserSettings/update,notAllowed,/
microsoft.directory,microsoft.directory/authorizationPolicy/organizationSettings/update,notAllowed,/
microsoft.directory,microsoft.directory/authorizationPolicy/standard/read,allowed,/
microsoft.directory,microsoft.directory/azureManagedIdentities/customSecurityAttributes/read,notAllowed,/
microsoft.directory,microsoft.directory/azureManagedIdentities/customSecurityAttributes/update,notAllowed,/
microsoft.directory,microsoft.directory/b2cTrustFrameworkKeySet/allProperties/allTasks,invalidAction,/
microsoft.directory,microsoft.directory/b2cTrustFrameworkPolicy/allProperties/allTasks,invalidAction,/
microsoft.directory,microsoft.directory/b2cUserAttribute/allProperties/allTasks,invalidAction,/
microsoft.directory,microsoft.directory/b2cUserFlow/allProperties/allTasks,invalidAction,/
microsoft.directory,microsoft.directory/bitlockerKeys/key/read,notAllowed,/
microsoft.directory,microsoft.directory/bitlockerKeys/metadata/read,notAllowed,/
microsoft.directory,microsoft.directory/bulkJobs.groups/basic/update,notAllowed,/
microsoft.directory,microsoft.directory/bulkJobs.groups/create,notAllowed,/
microsoft.directory,microsoft.directory/bulkJobs.groups/standard/read,notAllowed,/
microsoft.directory,microsoft.directory/bulkJobs/basic/update,notAllowed,/
microsoft.directory,microsoft.directory/bulkJobs/create,notAllowed,/
microsoft.directory,microsoft.directory/bulkJobs/standard/read,notAllowed,/
microsoft.directory,microsoft.directory/certificateBasedDeviceAuthConfigurations/create,notAllowed,/
microsoft.directory,microsoft.directory/certificateBasedDeviceAuthConfigurations/credentials/update,notAllowed,/
microsoft.directory,microsoft.directory/certificateBasedDeviceAuthConfigurations/delete,notAllowed,/
microsoft.directory,microsoft.directory/certificateBasedDeviceAuthConfigurations/standard/read,notAllowed,/
microsoft.directory,microsoft.directory/cloudAppSecurity/allProperties/allTasks,invalidAction,/
microsoft.directory,microsoft.directory/cloudAppSecurity/allProperties/read,invalidAction,/
microsoft.directory,microsoft.directory/cloudProvisioning/allProperties/allTasks,invalidAction,/
microsoft.directory,microsoft.directory/conditionalAccessPolicies/allProperties/allTasks,invalidAction,/
microsoft.directory,microsoft.directory/conditionalAccessPolicies/allProperties/read,invalidAction,/
microsoft.directory,microsoft.directory/conditionalAccessPolicies/basic/update,conditional,/
microsoft.directory,microsoft.directory/conditionalAccessPolicies/create,notAllowed,/
microsoft.directory,microsoft.directory/conditionalAccessPolicies/delete,conditional,/
microsoft.directory,microsoft.directory/conditionalAccessPolicies/owners/read,allowed,/
microsoft.directory,microsoft.directory/conditionalAccessPolicies/owners/update,conditional,/
microsoft.directory,microsoft.directory/conditionalAccessPolicies/owners/update,conditional,/
microsoft.directory,microsoft.directory/conditionalAccessPolicies/policyAppliedTo/read,allowed,/
microsoft.directory,microsoft.directory/conditionalAccessPolicies/standard/read,allowed,/
microsoft.directory,microsoft.directory/conditionalAccessPolicies/tenantDefault/update,notAllowed,/
microsoft.directory,microsoft.directory/connectorGroups/allProperties/read,invalidAction,/
microsoft.directory,microsoft.directory/connectorGroups/allProperties/update,invalidAction,/
microsoft.directory,microsoft.directory/connectorGroups/create,notAllowed,/
microsoft.directory,microsoft.directory/connectorGroups/delete,notAllowed,/
microsoft.directory,microsoft.directory/connectors/allProperties/read,invalidAction,/
microsoft.directory,microsoft.directory/connectors/allProperties/update,invalidAction,/
microsoft.directory,microsoft.directory/connectors/create,notAllowed,/
microsoft.directory,microsoft.directory/contacts/allProperties/allTasks,invalidAction,/
microsoft.directory,microsoft.directory/contacts/allProperties/read,invalidAction,/
microsoft.directory,microsoft.directory/contacts/basic/update,notAllowed,/
microsoft.directory,microsoft.directory/contacts/create,notAllowed,/
microsoft.directory,microsoft.directory/contacts/delete,notAllowed,/
microsoft.directory,microsoft.directory/contacts/memberOf/read,allowed,/
microsoft.directory,microsoft.directory/contacts/standard/read,allowed,/
microsoft.directory,microsoft.directory/contracts/allProperties/allTasks,invalidAction,/
microsoft.directory,microsoft.directory/contracts/standard/read,allowed,/
microsoft.directory,microsoft.directory/crossTenantAccessPolicy/allowedCloudEndpoints/update,notAllowed,/
microsoft.directory,microsoft.directory/crossTenantAccessPolicy/basic/update,notAllowed,/
microsoft.directory,microsoft.directory/crossTenantAccessPolicy/default/b2bCollaboration/update,notAllowed,/
microsoft.directory,microsoft.directory/crossTenantAccessPolicy/default/b2bDirectConnect/update,notAllowed,/
microsoft.directory,microsoft.directory/crossTenantAccessPolicy/default/crossCloudMeetings/update,notAllowed,/
microsoft.directory,microsoft.directory/crossTenantAccessPolicy/default/standard/read,notAllowed,/
microsoft.directory,microsoft.directory/crossTenantAccessPolicy/default/tenantRestrictions/update,notAllowed,/
microsoft.directory,microsoft.directory/crossTenantAccessPolicy/partners/b2bCollaboration/update,notAllowed,/
microsoft.directory,microsoft.directory/crossTenantAccessPolicy/partners/b2bDirectConnect/update,notAllowed,/
microsoft.directory,microsoft.directory/crossTenantAccessPolicy/partners/create,notAllowed,/
microsoft.directory,microsoft.directory/crossTenantAccessPolicy/partners/crossCloudMeetings/update,notAllowed,/
microsoft.directory,microsoft.directory/crossTenantAccessPolicy/partners/delete,notAllowed,/
microsoft.directory,microsoft.directory/crossTenantAccessPolicy/partners/identitySynchronization/basic/update,notAllowed,/
microsoft.directory,microsoft.directory/crossTenantAccessPolicy/partners/identitySynchronization/create,notAllowed,/
microsoft.directory,microsoft.directory/crossTenantAccessPolicy/partners/identitySynchronization/standard/read,notAllowed,/
microsoft.directory,microsoft.directory/crossTenantAccessPolicy/partners/standard/read,notAllowed,/
microsoft.directory,microsoft.directory/crossTenantAccessPolicy/partners/templates/multiTenantOrganizationIdentitySynchronization/basic/update,notAllowed,/
microsoft.directory,microsoft.directory/crossTenantAccessPolicy/partners/templates/multiTenantOrganizationIdentitySynchronization/resetToDefaultSettings,notAllowed,/
microsoft.directory,microsoft.directory/crossTenantAccessPolicy/partners/templates/multiTenantOrganizationIdentitySynchronization/standard/read,notAllowed,/
microsoft.directory,microsoft.directory/crossTenantAccessPolicy/partners/templates/multiTenantOrganizationPartnerConfiguration/basic/update,notAllowed,/
microsoft.directory,microsoft.directory/crossTenantAccessPolicy/partners/templates/multiTenantOrganizationPartnerConfiguration/resetToDefaultSettings,notAllowed,/
microsoft.directory,microsoft.directory/crossTenantAccessPolicy/partners/templates/multiTenantOrganizationPartnerConfiguration/standard/read,notAllowed,/
microsoft.directory,microsoft.directory/crossTenantAccessPolicy/partners/tenantRestrictions/update,notAllowed,/
microsoft.directory,microsoft.directory/crossTenantAccessPolicy/standard/read,notAllowed,/
microsoft.directory,microsoft.directory/customAuthenticationExtensions/allProperties/allTasks,invalidAction,/
microsoft.directory,microsoft.directory/customAuthenticationExtensions/allProperties/read,invalidAction,/
microsoft.directory,microsoft.directory/customSecurityAttributeAuditLogs/allProperties/read,invalidAction,/
microsoft.directory,microsoft.directory/customSecurityAttributeDefinitions/allProperties/allTasks,invalidAction,/
microsoft.directory,microsoft.directory/customSecurityAttributeDefinitions/allProperties/read,invalidAction,/
microsoft.directory,microsoft.directory/deletedItems.applications/delete,conditional,/
microsoft.directory,microsoft.directory/deletedItems.applications/restore,conditional,/
microsoft.directory,microsoft.directory/deletedItems.devices/delete,notAllowed,/
microsoft.directory,microsoft.directory/deletedItems.devices/restore,notAllowed,/
microsoft.directory,microsoft.directory/deletedItems.groups/delete,notAllowed,/
microsoft.directory,microsoft.directory/deletedItems.groups/restore,conditional,/
microsoft.directory,microsoft.directory/deletedItems.users/restore,notAllowed,/
microsoft.directory,microsoft.directory/deletedItems/delete,notAllowed,/
microsoft.directory,microsoft.directory/deletedItems/restore,notAllowed,/
microsoft.directory,microsoft.directory/deviceLocalCredentials/password/read,notAllowed,/
microsoft.directory,microsoft.directory/deviceLocalCredentials/standard/read,notAllowed,/
microsoft.directory,microsoft.directory/deviceManagementPolicies/basic/update,notAllowed,/
microsoft.directory,microsoft.directory/deviceManagementPolicies/standard/read,notAllowed,/
microsoft.directory,microsoft.directory/deviceRegistrationPolicy/basic/update,notAllowed,/
microsoft.directory,microsoft.directory/deviceRegistrationPolicy/standard/read,notAllowed,/
microsoft.directory,microsoft.directory/devices/allProperties/allTasks,invalidAction,/
microsoft.directory,microsoft.directory/devices/allProperties/read,invalidAction,/
microsoft.directory,microsoft.directory/devices/basic/update,notAllowed,/
microsoft.directory,microsoft.directory/devices/createdFrom/read,notAllowed,/
microsoft.directory,microsoft.directory/devices/create,notAllowed,/
microsoft.directory,microsoft.directory/devices/customSecurityAttributes/read,notAllowed,/
microsoft.directory,microsoft.directory/devices/customSecurityAttributes/update,notAllowed,/
microsoft.directory,microsoft.directory/devices/delete,notAllowed,/
microsoft.directory,microsoft.directory/devices/disable,conditional,/
microsoft.directory,microsoft.directory/devices/enable,notAllowed,/
microsoft.directory,microsoft.directory/devices/extensionAttributeSet1/update,notAllowed,/
microsoft.directory,microsoft.directory/devices/extensionAttributeSet2/update,notAllowed,/
microsoft.directory,microsoft.directory/devices/extensionAttributeSet3/update,notAllowed,/
microsoft.directory,microsoft.directory/devices/memberOf/read,allowed,/
microsoft.directory,microsoft.directory/devices/permissions/update,notAllowed,/
microsoft.directory,microsoft.directory/devices/registeredOwners/read,allowed,/
microsoft.directory,microsoft.directory/devices/registeredOwners/update,notAllowed,/
microsoft.directory,microsoft.directory/devices/registeredOwners/update,notAllowed,/
microsoft.directory,microsoft.directory/devices/registeredUsers/read,allowed,/
microsoft.directory,microsoft.directory/devices/registeredUsers/update,notAllowed,/
microsoft.directory,microsoft.directory/devices/registeredUsers/update,notAllowed,/
microsoft.directory,microsoft.directory/devices/standard/read,allowed,/
microsoft.directory,microsoft.directory/deviceTemplates/createDeviceFromTemplate,notAllowed,/
microsoft.directory,microsoft.directory/deviceTemplates/create,notAllowed,/
microsoft.directory,microsoft.directory/deviceTemplates/delete,notAllowed,/
microsoft.directory,microsoft.directory/deviceTemplates/deviceInstances/read,notAllowed,/
microsoft.directory,microsoft.directory/deviceTemplates/owners/read,notAllowed,/
microsoft.directory,microsoft.directory/deviceTemplates/owners/update,notAllowed,/
microsoft.directory,microsoft.directory/deviceTemplates/owners/update,notAllowed,/
microsoft.directory,microsoft.directory/deviceTemplates/standard/read,notAllowed,/
microsoft.directory,microsoft.directory/directoryRoles/allProperties/allTasks,invalidAction,/
microsoft.directory,microsoft.directory/directoryRoles/allProperties/read,invalidAction,/
microsoft.directory,microsoft.directory/directoryRoles/basic/update,notAllowed,/
microsoft.directory,microsoft.directory/directoryRoles/eligibleMembers/read,allowed,/
microsoft.directory,microsoft.directory/directoryRoles/members/read,allowed,/
microsoft.directory,microsoft.directory/directoryRoles/standard/read,allowed,/
microsoft.directory,microsoft.directory/directoryRoleTemplates/allProperties/allTasks,invalidAction,/
microsoft.directory,microsoft.directory/directoryRoleTemplates/allProperties/read,invalidAction,/
microsoft.directory,microsoft.directory/directorySync/allProperties/allTasks,invalidAction,/
microsoft.directory,microsoft.directory/domains/allProperties/allTasks,invalidAction,/
microsoft.directory,microsoft.directory/domains/allProperties/read,invalidAction,/
microsoft.directory,microsoft.directory/domains/federationConfiguration/basic/update,notAllowed,/
microsoft.directory,microsoft.directory/domains/federationConfiguration/create,notAllowed,/
microsoft.directory,microsoft.directory/domains/federationConfiguration/delete,notAllowed,/
microsoft.directory,microsoft.directory/domains/federationConfiguration/standard/read,notAllowed,/
microsoft.directory,microsoft.directory/domains/federation/update,notAllowed,/
microsoft.directory,microsoft.directory/domains/standard/read,allowed,/
microsoft.directory,microsoft.directory/entitlementManagement/allProperties/allTasks,invalidAction,/
microsoft.directory,microsoft.directory/entitlementManagement/allProperties/read,invalidAction,/
microsoft.directory,microsoft.directory/externalUserProfiles/basic/update,notAllowed,/
microsoft.directory,microsoft.directory/externalUserProfiles/delete,notAllowed,/
microsoft.directory,microsoft.directory/externalUserProfiles/standard/read,notAllowed,/
microsoft.directory,microsoft.directory/federatedAuthentication/allProperties/allTasks,invalidAction,/
microsoft.directory,microsoft.directory/groups.security.assignedMembership/allProperties/update,invalidAction,/
microsoft.directory,microsoft.directory/groups.security.assignedMembership/basic/update,conditional,/
microsoft.directory,microsoft.directory/groups.security.assignedMembership/classification/update,conditional,/
microsoft.directory,microsoft.directory/groups.security.assignedMembership/createAsOwner,allowed,/
microsoft.directory,microsoft.directory/groups.security.assignedMembership/create,notAllowed,/
microsoft.directory,microsoft.directory/groups.security.assignedMembership/delete,conditional,/
microsoft.directory,microsoft.directory/groups.security.assignedMembership/members/update.add,conditional,/
microsoft.directory,microsoft.directory/groups.security.assignedMembership/members/update.remove,conditional,/
microsoft.directory,microsoft.directory/groups.security.assignedMembership/members/update,conditional,/
microsoft.directory,microsoft.directory/groups.security.assignedMembership/members/update,conditional,/
microsoft.directory,microsoft.directory/groups.security.assignedMembership/owners/update.add,conditional,/
microsoft.directory,microsoft.directory/groups.security.assignedMembership/owners/update.remove,conditional,/
microsoft.directory,microsoft.directory/groups.security.assignedMembership/owners/update,conditional,/
microsoft.directory,microsoft.directory/groups.security.assignedMembership/owners/update,conditional,/
microsoft.directory,microsoft.directory/groups.security.assignedMembership/visibility/update,conditional,/
microsoft.directory,microsoft.directory/groups.security/allProperties/update,invalidAction,/
microsoft.directory,microsoft.directory/groups.security/assignedLabels/update,conditional,/
microsoft.directory,microsoft.directory/groups.security/assignedLabels/update,conditional,/
microsoft.directory,microsoft.directory/groups.security/basic/update,conditional,/
microsoft.directory,microsoft.directory/groups.security/classification/update,conditional,/
microsoft.directory,microsoft.directory/groups.security/createAsOwner,allowed,/
microsoft.directory,microsoft.directory/groups.security/create,notAllowed,/
microsoft.directory,microsoft.directory/groups.security/delete,conditional,/
microsoft.directory,microsoft.directory/groups.security/dynamicMembershipRule/update,notAllowed,/
microsoft.directory,microsoft.directory/groups.security/members/update.add,conditional,/
microsoft.directory,microsoft.directory/groups.security/members/update.remove,conditional,/
microsoft.directory,microsoft.directory/groups.security/members/update,conditional,/
microsoft.directory,microsoft.directory/groups.security/members/update,conditional,/
microsoft.directory,microsoft.directory/groups.security/owners/update.add,conditional,/
microsoft.directory,microsoft.directory/groups.security/owners/update.remove,conditional,/
microsoft.directory,microsoft.directory/groups.security/owners/update,conditional,/
microsoft.directory,microsoft.directory/groups.security/owners/update,conditional,/
microsoft.directory,microsoft.directory/groups.security/visibility/update,conditional,/
microsoft.directory,microsoft.directory/groups.unified.assignedMembership/allProperties/update,invalidAction,/
microsoft.directory,microsoft.directory/groups.unified.assignedMembership/basic/update,conditional,/
microsoft.directory,microsoft.directory/groups.unified.assignedMembership/classification/update,conditional,/
microsoft.directory,microsoft.directory/groups.unified.assignedMembership/createAsOwner,allowed,/
microsoft.directory,microsoft.directory/groups.unified.assignedMembership/create,notAllowed,/
microsoft.directory,microsoft.directory/groups.unified.assignedMembership/delete,conditional,/
microsoft.directory,microsoft.directory/groups.unified.assignedMembership/members/update.add,conditional,/
microsoft.directory,microsoft.directory/groups.unified.assignedMembership/members/update.remove,conditional,/
microsoft.directory,microsoft.directory/groups.unified.assignedMembership/members/update,conditional,/
microsoft.directory,microsoft.directory/groups.unified.assignedMembership/members/update,conditional,/
microsoft.directory,microsoft.directory/groups.unified.assignedMembership/owners/update.add,conditional,/
microsoft.directory,microsoft.directory/groups.unified.assignedMembership/owners/update.remove,conditional,/
microsoft.directory,microsoft.directory/groups.unified.assignedMembership/owners/update,conditional,/
microsoft.directory,microsoft.directory/groups.unified.assignedMembership/owners/update,conditional,/
microsoft.directory,microsoft.directory/groups.unified.assignedMembership/visibility/update,conditional,/
microsoft.directory,microsoft.directory/groups.unified/allProperties/update,invalidAction,/
microsoft.directory,microsoft.directory/groups.unified/appRoleAssignments/update,notAllowed,/
microsoft.directory,microsoft.directory/groups.unified/assignedLabels/update,conditional,/
microsoft.directory,microsoft.directory/groups.unified/assignedLabels/update,conditional,/
microsoft.directory,microsoft.directory/groups.unified/basic/update,conditional,/
microsoft.directory,microsoft.directory/groups.unified/classification/update,conditional,/
microsoft.directory,microsoft.directory/groups.unified/createAsOwner,allowed,/
microsoft.directory,microsoft.directory/groups.unified/create,notAllowed,/
microsoft.directory,microsoft.directory/groups.unified/delete,conditional,/
microsoft.directory,microsoft.directory/groups.unified/dynamicMembershipRule/update,notAllowed,/
microsoft.directory,microsoft.directory/groups.unified/members/update.add,conditional,/
microsoft.directory,microsoft.directory/groups.unified/members/update.remove,conditional,/
microsoft.directory,microsoft.directory/groups.unified/members/update,conditional,/
microsoft.directory,microsoft.directory/groups.unified/members/update,conditional,/
microsoft.directory,microsoft.directory/groups.unified/owners/update.add,conditional,/
microsoft.directory,microsoft.directory/groups.unified/owners/update.remove,conditional,/
microsoft.directory,microsoft.directory/groups.unified/owners/update,conditional,/
microsoft.directory,microsoft.directory/groups.unified/owners/update,conditional,/
microsoft.directory,microsoft.directory/groups.unified/restore,conditional,/
microsoft.directory,microsoft.directory/groups.unified/visibility/update,conditional,/
microsoft.directory,microsoft.directory/groups/allowAccessTo/read,notAllowed,/
microsoft.directory,microsoft.directory/groups/allowAccessTo/update,notAllowed,/
microsoft.directory,microsoft.directory/groups/allProperties/allTasks,invalidAction,/
microsoft.directory,microsoft.directory/groups/allProperties/read,invalidAction,/
microsoft.directory,microsoft.directory/groups/allProperties/update,invalidAction,/
microsoft.directory,microsoft.directory/groups/appRoleAssignments/limitedRead,notAllowed,/
microsoft.directory,microsoft.directory/groups/appRoleAssignments/read,allowed,/
microsoft.directory,microsoft.directory/groups/appRoleAssignments/update,notAllowed,/
microsoft.directory,microsoft.directory/groupsAssignableToRoles/allProperties/update,invalidAction,/
microsoft.directory,microsoft.directory/groupsAssignableToRoles/assignLicense,conditional,/
microsoft.directory,microsoft.directory/groupsAssignableToRoles/create,notAllowed,/
microsoft.directory,microsoft.directory/groupsAssignableToRoles/delete,conditional,/
microsoft.directory,microsoft.directory/groupsAssignableToRoles/reprocessLicenseAssignment,conditional,/
microsoft.directory,microsoft.directory/groupsAssignableToRoles/restore,conditional,/
microsoft.directory,microsoft.directory/groups/assignedLabels/update,conditional,/
microsoft.directory,microsoft.directory/groups/assignedLabels/update,conditional,/
microsoft.directory,microsoft.directory/groups/assignLicense,notAllowed,/
microsoft.directory,microsoft.directory/groups/basic/update,conditional,/
microsoft.directory,microsoft.directory/groups/classification/update,conditional,/
microsoft.directory,microsoft.directory/groups/createAsOwner,allowed,/
microsoft.directory,microsoft.directory/groups/create,notAllowed,/
microsoft.directory,microsoft.directory/groups/delete,conditional,/
microsoft.directory,microsoft.directory/groups/dynamicMembershipRule/update,notAllowed,/
microsoft.directory,microsoft.directory/groupSettings/allProperties/allTasks,invalidAction,/
microsoft.directory,microsoft.directory/groupSettings/allProperties/read,invalidAction,/
microsoft.directory,microsoft.directory/groupSettings/basic/update,notAllowed,/
microsoft.directory,microsoft.directory/groupSettings/create,notAllowed,/
microsoft.directory,microsoft.directory/groupSettings/delete,notAllowed,/
microsoft.directory,microsoft.directory/groupSettings/standard/read,notAllowed,/
microsoft.directory,microsoft.directory/groupSettingTemplates/allProperties/allTasks,invalidAction,/
microsoft.directory,microsoft.directory/groupSettingTemplates/allProperties/read,invalidAction,/
microsoft.directory,microsoft.directory/groupSettingTemplates/standard/read,notAllowed,/
microsoft.directory,microsoft.directory/groups/groupType/update,conditional,/
microsoft.directory,microsoft.directory/groups/hasAccessTo/read,notAllowed,/
microsoft.directory,microsoft.directory/groups/hiddenMembers/read,notAllowed,/
microsoft.directory,microsoft.directory/groups/memberOf/limitedRead,notAllowed,/
microsoft.directory,microsoft.directory/groups/memberOf/read,allowed,/
microsoft.directory,microsoft.directory/groups/members/limitedRead,notAllowed,/
microsoft.directory,microsoft.directory/groups/members/read,allowed,/
microsoft.directory,microsoft.directory/groups/members/update.add,conditional,/
microsoft.directory,microsoft.directory/groups/members/update.remove,conditional,/
microsoft.directory,microsoft.directory/groups/members/update,conditional,/
microsoft.directory,microsoft.directory/groups/members/update,conditional,/
microsoft.directory,microsoft.directory/groups/onPremWriteBack/update,notAllowed,/
microsoft.directory,microsoft.directory/groups/owners/limitedRead,notAllowed,/
microsoft.directory,microsoft.directory/groups/owners/read,allowed,/
microsoft.directory,microsoft.directory/groups/owners/update.add,conditional,/
microsoft.directory,microsoft.directory/groups/owners/update.remove,conditional,/
microsoft.directory,microsoft.directory/groups/owners/update,conditional,/
microsoft.directory,microsoft.directory/groups/owners/update,conditional,/
microsoft.directory,microsoft.directory/groups/pendingMembers/read,notAllowed,/
microsoft.directory,microsoft.directory/groups/pendingMembers/update,notAllowed,/
microsoft.directory,microsoft.directory/groups/pendingMembers/update,notAllowed,/
microsoft.directory,microsoft.directory/groups/reprocessLicenseAssignment,notAllowed,/
microsoft.directory,microsoft.directory/groups/restore,conditional,/
microsoft.directory,microsoft.directory/groups/serviceEndpoints/read,notAllowed,/
microsoft.directory,microsoft.directory/groups/serviceEndpoints/update,notAllowed,/
microsoft.directory,microsoft.directory/groups/settings/limitedRead,notAllowed,/
microsoft.directory,microsoft.directory/groups/settings/read,notAllowed,/
microsoft.directory,microsoft.directory/groups/settings/update,conditional,/
microsoft.directory,microsoft.directory/groups/settings/update,conditional,/
microsoft.directory,microsoft.directory/groups/settings/update,conditional,/
microsoft.directory,microsoft.directory/groups/standard/limitedRead,notAllowed,/
microsoft.directory,microsoft.directory/groups/standard/read,allowed,/
microsoft.directory,microsoft.directory/groups/visibility/update,conditional,/
microsoft.directory,microsoft.directory/hybridAuthenticationPolicy/allProperties/allTasks,invalidAction,/
microsoft.directory,microsoft.directory/hybridAuthenticationPolicy/standard/read,notAllowed,/
microsoft.directory,microsoft.directory/identityProtection/allProperties/allTasks,invalidAction,/
microsoft.directory,microsoft.directory/identityProtection/allProperties/read,invalidAction,/
microsoft.directory,microsoft.directory/identityProtection/allProperties/update,invalidAction,/
microsoft.directory,microsoft.directory/identityProviders/allProperties/allTasks,invalidAction,/
microsoft.directory,microsoft.directory/lifecycleWorkflows/workflows/allProperties/allTasks,invalidAction,/
microsoft.directory,microsoft.directory/lifecycleWorkflows/workflows/allProperties/read,invalidAction,/
microsoft.directory,microsoft.directory/loginOrganizationBranding/allProperties/allTasks,invalidAction,/
microsoft.directory,microsoft.directory/loginOrganizationBranding/allProperties/read,invalidAction,/
microsoft.directory,microsoft.directory/multiTenantOrganization/basic/update,notAllowed,/
microsoft.directory,microsoft.directory/multiTenantOrganization/create,notAllowed,/
microsoft.directory,microsoft.directory/multiTenantOrganization/joinRequest/organizationDetails/update,notAllowed,/
microsoft.directory,microsoft.directory/multiTenantOrganization/joinRequest/standard/read,notAllowed,/
microsoft.directory,microsoft.directory/multiTenantOrganization/standard/read,allowed,/
microsoft.directory,microsoft.directory/multiTenantOrganization/tenants/create,notAllowed,/
microsoft.directory,microsoft.directory/multiTenantOrganization/tenants/delete,notAllowed,/
microsoft.directory,microsoft.directory/multiTenantOrganization/tenants/organizationDetails/read,notAllowed,/
microsoft.directory,microsoft.directory/multiTenantOrganization/tenants/organizationDetails/update,notAllowed,/
microsoft.directory,microsoft.directory/multiTenantOrganization/tenants/standard/read,allowed,/
microsoft.directory,microsoft.directory/namedLocations/basic/update,notAllowed,/
microsoft.directory,microsoft.directory/namedLocations/create,notAllowed,/
microsoft.directory,microsoft.directory/namedLocations/delete,notAllowed,/
microsoft.directory,microsoft.directory/namedLocations/standard/read,allowed,/
microsoft.directory,microsoft.directory/oAuth2PermissionGrants/allProperties/allTasks,invalidAction,/
microsoft.directory,microsoft.directory/oAuth2PermissionGrants/allProperties/read,invalidAction,/
microsoft.directory,microsoft.directory/oAuth2PermissionGrants/basic/update,notAllowed,/
microsoft.directory,microsoft.directory/oAuth2PermissionGrants/createAsOwner,notAllowed,/
microsoft.directory,microsoft.directory/oAuth2PermissionGrants/create,notAllowed,/
microsoft.directory,microsoft.directory/oAuth2PermissionGrants/delete,notAllowed,/
microsoft.directory,microsoft.directory/oAuth2PermissionGrants/standard/read,allowed,/
microsoft.directory,microsoft.directory/onPremisesSynchronization/basic/update,notAllowed,/
microsoft.directory,microsoft.directory/onPremisesSynchronization/standard/read,notAllowed,/
microsoft.directory,microsoft.directory/organization/allProperties/allTasks,invalidAction,/
microsoft.directory,microsoft.directory/organization/allProperties/read,invalidAction,/
microsoft.directory,microsoft.directory/organization/basicProfile/read,notAllowed,/
microsoft.directory,microsoft.directory/organization/basic/update,notAllowed,/
microsoft.directory,microsoft.directory/organization/dirSync/update,notAllowed,/
microsoft.directory,microsoft.directory/organization/standard/read,allowed,/
microsoft.directory,microsoft.directory/organization/strongAuthentication/allTasks,invalidAction,/
microsoft.directory,microsoft.directory/organization/strongAuthentication/read,notAllowed,/
microsoft.directory,microsoft.directory/organization/trustedCAsForPasswordlessAuth/read,notAllowed,/
microsoft.directory,microsoft.directory/organization/trustedCAsForPasswordlessAuth/update,notAllowed,/
microsoft.directory,microsoft.directory/passThroughAuthentication/allProperties/allTasks,invalidAction,/
microsoft.directory,microsoft.directory/passwordHashSync/allProperties/allTasks,invalidAction,/
microsoft.directory,microsoft.directory/pendingExternalUserProfiles/basic/update,notAllowed,/
microsoft.directory,microsoft.directory/pendingExternalUserProfiles/create,notAllowed,/
microsoft.directory,microsoft.directory/pendingExternalUserProfiles/delete,notAllowed,/
microsoft.directory,microsoft.directory/pendingExternalUserProfiles/standard/read,notAllowed,/
microsoft.directory,microsoft.directory/permissionGrantPolicies/allProperties/read,invalidAction,/
microsoft.directory,microsoft.directory/permissionGrantPolicies/allProperties/update,invalidAction,/
microsoft.directory,microsoft.directory/permissionGrantPolicies/basic/update,notAllowed,/
microsoft.directory,microsoft.directory/permissionGrantPolicies/create,notAllowed,/
microsoft.directory,microsoft.directory/permissionGrantPolicies/delete,notAllowed,/
microsoft.directory,microsoft.directory/permissionGrantPolicies/standard/read,notAllowed,/
microsoft.directory,microsoft.directory/policies/allProperties/allTasks,invalidAction,/
microsoft.directory,microsoft.directory/policies/allProperties/read,invalidAction,/
microsoft.directory,microsoft.directory/policies/basic/update,conditional,/
microsoft.directory,microsoft.directory/policies/create,notAllowed,/
microsoft.directory,microsoft.directory/policies/delete,conditional,/
microsoft.directory,microsoft.directory/policies/owners/read,allowed,/
microsoft.directory,microsoft.directory/policies/owners/update,conditional,/
microsoft.directory,microsoft.directory/policies/owners/update,conditional,/
microsoft.directory,microsoft.directory/policies/policyAppliedTo/read,allowed,/
microsoft.directory,microsoft.directory/policies/standard/read,allowed,/
microsoft.directory,microsoft.directory/policies/tenantDefault/update,notAllowed,/
microsoft.directory,microsoft.directory/privilegedIdentityManagement/allProperties/allTasks,invalidAction,/
microsoft.directory,microsoft.directory/privilegedIdentityManagement/allProperties/read,invalidAction,/
microsoft.directory,microsoft.directory/provisioningLogs/allProperties/read,invalidAction,/
microsoft.directory,microsoft.directory/resourceNamespaces/resourceActions/authenticationContext/update,notAllowed,/
microsoft.directory,microsoft.directory/resourceNamespaces/resourceActions/authenticationContext/update,notAllowed,/
microsoft.directory,microsoft.directory/resourceNamespaces/resourceActions/authenticationContext/update,notAllowed,/
microsoft.directory,microsoft.directory/roleAssignments/allProperties/allTasks,invalidAction,/
microsoft.directory,microsoft.directory/roleAssignments/allProperties/read,invalidAction,/
microsoft.directory,microsoft.directory/roleAssignments/standard/read,allowed,/
microsoft.directory,microsoft.directory/roleDefinitions/allProperties/allTasks,invalidAction,/
microsoft.directory,microsoft.directory/roleDefinitions/allProperties/read,invalidAction,/
microsoft.directory,microsoft.directory/roleDefinitions/standard/read,allowed,/
microsoft.directory,microsoft.directory/scopedRoleMemberships/allProperties/allTasks,invalidAction,/
microsoft.directory,microsoft.directory/scopedRoleMemberships/allProperties/read,invalidAction,/
microsoft.directory,microsoft.directory/seamlessSso/allProperties/allTasks,invalidAction,/
microsoft.directory,microsoft.directory/serviceAction/activateService,notAllowed,/
microsoft.directory,microsoft.directory/serviceAction/disableDirectoryFeature,notAllowed,/
microsoft.directory,microsoft.directory/serviceAction/enableDirectoryFeature,notAllowed,/
microsoft.directory,microsoft.directory/serviceAction/getAvailableExtentionProperties,notAllowed,/
microsoft.directory,microsoft.directory/serviceAction/grantResourceSpecificConsent,notAllowed,/
microsoft.directory,microsoft.directory/serviceAction/revokeResourceSpecificConsent,notAllowed,/
microsoft.directory,microsoft.directory/servicePrincipalCreationPolicies/allProperties/read,invalidAction,/
microsoft.directory,microsoft.directory/servicePrincipalCreationPolicies/allProperties/update,invalidAction,/
microsoft.directory,microsoft.directory/servicePrincipalCreationPolicies/basic/update,notAllowed,/
microsoft.directory,microsoft.directory/servicePrincipalCreationPolicies/create,notAllowed,/
microsoft.directory,microsoft.directory/servicePrincipalCreationPolicies/delete,notAllowed,/
microsoft.directory,microsoft.directory/servicePrincipalCreationPolicies/standard/read,notAllowed,/
microsoft.directory,microsoft.directory/servicePrincipals/allProperties/allTasks,invalidAction,/
microsoft.directory,microsoft.directory/servicePrincipals/allProperties/read,invalidAction,/
microsoft.directory,microsoft.directory/servicePrincipals/allProperties/update,invalidAction,/
microsoft.directory,microsoft.directory/servicePrincipals/appRoleAssignedTo/limitedRead,notAllowed,/
microsoft.directory,microsoft.directory/servicePrincipals/appRoleAssignedTo/read,allowed,/
microsoft.directory,microsoft.directory/servicePrincipals/appRoleAssignedTo/update,conditional,/
microsoft.directory,microsoft.directory/servicePrincipals/appRoleAssignedTo/update,conditional,/
microsoft.directory,microsoft.directory/servicePrincipals/appRoleAssignments/limitedRead,notAllowed,/
microsoft.directory,microsoft.directory/servicePrincipals/appRoleAssignments/read,allowed,/
microsoft.directory,microsoft.directory/servicePrincipals/audience/update,conditional,/
microsoft.directory,microsoft.directory/servicePrincipals/authentication/read,allowed,/
microsoft.directory,microsoft.directory/servicePrincipals/authentication/update,conditional,/
microsoft.directory,microsoft.directory/servicePrincipals/basic/update,conditional,/
microsoft.directory,microsoft.directory/servicePrincipals/createAsOwner,allowed,/
microsoft.directory,microsoft.directory/servicePrincipals/create,notAllowed,/
microsoft.directory,microsoft.directory/servicePrincipals/credentials/update,conditional,/
microsoft.directory,microsoft.directory/servicePrincipals/customSecurityAttributes/read,notAllowed,/
microsoft.directory,microsoft.directory/servicePrincipals/customSecurityAttributes/update,notAllowed,/
microsoft.directory,microsoft.directory/servicePrincipals/delete,conditional,/
microsoft.directory,microsoft.directory/servicePrincipals/disable,conditional,/
microsoft.directory,microsoft.directory/servicePrincipals/enable,conditional,/
microsoft.directory,microsoft.directory/servicePrincipals/getPasswordSingleSignOnCredentials,conditional,/
microsoft.directory,microsoft.directory/servicePrincipals/managePasswordSingleSignOnCredentials,conditional,/
microsoft.directory,microsoft.directory/servicePrincipals/managePermissionGrantsForAll.microsoft-all-application-permissions,notAllowed,/
microsoft.directory,microsoft.directory/servicePrincipals/managePermissionGrantsForAll.microsoft-all-application-permissions-verified,notAllowed,/
microsoft.directory,microsoft.directory/servicePrincipals/managePermissionGrantsForAll.microsoft-application-admin,notAllowed,/
microsoft.directory,microsoft.directory/servicePrincipals/managePermissionGrantsForAll.microsoft-application-admin,notAllowed,/
microsoft.directory,microsoft.directory/servicePrincipals/managePermissionGrantsForAll.microsoft-company-admin,notAllowed,/
microsoft.directory,microsoft.directory/servicePrincipals/managePermissionGrantsForAll.microsoft-company-admin,notAllowed,/
microsoft.directory,microsoft.directory/servicePrincipals/managePermissionGrantsForAll.microsoft-user-default-legacy,notAllowed,/
microsoft.directory,microsoft.directory/servicePrincipals/managePermissionGrantsForAll.microsoft-user-default-low,notAllowed,/
microsoft.directory,microsoft.directory/servicePrincipals/managePermissionGrantsForAll.microsoft-user-default-recommended,notAllowed,/
microsoft.directory,microsoft.directory/servicePrincipals/managePermissionGrantsForOwnedResource.microsoft-all-application-permissions-for-chat,notAllowed,/
microsoft.directory,microsoft.directory/servicePrincipals/managePermissionGrantsForOwnedResource.microsoft-all-application-permissions-for-team,notAllowed,/
microsoft.directory,microsoft.directory/servicePrincipals/managePermissionGrantsForOwnedResource.microsoft-dynamically-managed-permissions-for-chat,allowed,/
microsoft.directory,microsoft.directory/servicePrincipals/managePermissionGrantsForOwnedResource.microsoft-dynamically-managed-permissions-for-team,allowed,/
microsoft.directory,microsoft.directory/servicePrincipals/managePermissionGrantsForOwnedResource.microsoft-pre-approval-apps-for-chat,notAllowed,/
microsoft.directory,microsoft.directory/servicePrincipals/managePermissionGrantsForOwnedResource.microsoft-pre-approval-apps-for-team,notAllowed,/
microsoft.directory,microsoft.directory/servicePrincipals/managePermissionGrantsForResource.microsoft-all-application-permissions-for-chat,notAllowed,/
microsoft.directory,microsoft.directory/servicePrincipals/managePermissionGrantsForResource.microsoft-all-application-permissions-for-team,notAllowed,/
microsoft.directory,microsoft.directory/servicePrincipals/managePermissionGrantsForResource.microsoft-dynamically-managed-permissions-for-chat,notAllowed,/
microsoft.directory,microsoft.directory/servicePrincipals/managePermissionGrantsForResource.microsoft-dynamically-managed-permissions-for-team,notAllowed,/
microsoft.directory,microsoft.directory/servicePrincipals/managePermissionGrantsForResource.microsoft-pre-approval-apps-for-chat,notAllowed,/
microsoft.directory,microsoft.directory/servicePrincipals/managePermissionGrantsForResource.microsoft-pre-approval-apps-for-team,notAllowed,/
microsoft.directory,microsoft.directory/servicePrincipals/managePermissionGrantsForSelf.microsoft-all-application-permissions,notAllowed,/
microsoft.directory,microsoft.directory/servicePrincipals/managePermissionGrantsForSelf.microsoft-all-application-permissions-verified,notAllowed,/
microsoft.directory,microsoft.directory/servicePrincipals/managePermissionGrantsForSelf.microsoft-application-admin,notAllowed,/
microsoft.directory,microsoft.directory/servicePrincipals/managePermissionGrantsForSelf.microsoft-company-admin,notAllowed,/
microsoft.directory,microsoft.directory/servicePrincipals/managePermissionGrantsForSelf.microsoft-user-default-legacy,notAllowed,/
microsoft.directory,microsoft.directory/servicePrincipals/managePermissionGrantsForSelf.microsoft-user-default-low,notAllowed,/
microsoft.directory,microsoft.directory/servicePrincipals/managePermissionGrantsForSelf.microsoft-user-default-recommended,allowed,/
microsoft.directory,microsoft.directory/servicePrincipals/memberOf/limitedRead,notAllowed,/
microsoft.directory,microsoft.directory/servicePrincipals/memberOf/read,allowed,/
microsoft.directory,microsoft.directory/servicePrincipals/notes/update,conditional,/
microsoft.directory,microsoft.directory/servicePrincipals/oAuth2PermissionGrants/limitedRead,notAllowed,/
microsoft.directory,microsoft.directory/servicePrincipals/oAuth2PermissionGrants/read,allowed,/
microsoft.directory,microsoft.directory/servicePrincipals/ownedObjects/limitedRead,notAllowed,/
microsoft.directory,microsoft.directory/servicePrincipals/ownedObjects/read,allowed,/
microsoft.directory,microsoft.directory/servicePrincipals/owners/limitedRead,notAllowed,/
microsoft.directory,microsoft.directory/servicePrincipals/owners/read,allowed,/
microsoft.directory,microsoft.directory/servicePrincipals/owners/update,conditional,/
microsoft.directory,microsoft.directory/servicePrincipals/owners/update,conditional,/
microsoft.directory,microsoft.directory/servicePrincipals/permissions/update,conditional,/
microsoft.directory,microsoft.directory/servicePrincipals/policies/limitedRead,notAllowed,/
microsoft.directory,microsoft.directory/servicePrincipals/policies/read,allowed,/
microsoft.directory,microsoft.directory/servicePrincipals/policies/update,conditional,/
microsoft.directory,microsoft.directory/servicePrincipals/standard/limitedRead,notAllowed,/
microsoft.directory,microsoft.directory/servicePrincipals/standard/read,allowed,/
microsoft.directory,microsoft.directory/servicePrincipals/synchronization.cloudTenantToCloudTenant/credentials/manage,notAllowed,/
microsoft.directory,microsoft.directory/servicePrincipals/synchronization.cloudTenantToCloudTenant/jobs/manage,notAllowed,/
microsoft.directory,microsoft.directory/servicePrincipals/synchronization.cloudTenantToCloudTenant/schema/manage,notAllowed,/
microsoft.directory,microsoft.directory/servicePrincipals/synchronization.cloudTenantToExternalSystem/credentials/manage,notAllowed,/
microsoft.directory,microsoft.directory/servicePrincipals/synchronization.cloudTenantToExternalSystem/jobs/manage,notAllowed,/
microsoft.directory,microsoft.directory/servicePrincipals/synchronization.cloudTenantToExternalSystem/schema/manage,notAllowed,/
microsoft.directory,microsoft.directory/servicePrincipals/synchronization.customSecurityAttributes/schema/read,notAllowed,/
microsoft.directory,microsoft.directory/servicePrincipals/synchronization.customSecurityAttributes/schema/update,notAllowed,/
microsoft.directory,microsoft.directory/servicePrincipals/synchronizationCredentials/manage,notAllowed,/
microsoft.directory,microsoft.directory/servicePrincipals/synchronizationJobs/manage,notAllowed,/
microsoft.directory,microsoft.directory/servicePrincipals/synchronizationSchema/manage,notAllowed,/
microsoft.directory,microsoft.directory/servicePrincipals/synchronization/standard/read,notAllowed,/
microsoft.directory,microsoft.directory/servicePrincipals/tag/update,conditional,/
microsoft.directory,microsoft.directory/signInReports/allProperties/read,invalidAction,/
microsoft.directory,microsoft.directory/subscribedSkus/allProperties/allTasks,invalidAction,/
microsoft.directory,microsoft.directory/subscribedSkus/allProperties/read,invalidAction,/
microsoft.directory,microsoft.directory/subscribedSkus/standard/read,allowed,/
microsoft.directory,microsoft.directory/tenantManagement/tenants/create,allowed,/
microsoft.directory,microsoft.directory/userCredentialPolicies/basic/update,conditional,/
microsoft.directory,microsoft.directory/userCredentialPolicies/create,notAllowed,/
microsoft.directory,microsoft.directory/userCredentialPolicies/delete,conditional,/
microsoft.directory,microsoft.directory/userCredentialPolicies/owners/read,allowed,/
microsoft.directory,microsoft.directory/userCredentialPolicies/owners/update,conditional,/
microsoft.directory,microsoft.directory/userCredentialPolicies/owners/update,conditional,/
microsoft.directory,microsoft.directory/userCredentialPolicies/policyAppliedTo/read,allowed,/
microsoft.directory,microsoft.directory/userCredentialPolicies/standard/read,allowed,/
microsoft.directory,microsoft.directory/userCredentialPolicies/tenantDefault/update,notAllowed,/
microsoft.directory,microsoft.directory/userInfos/address/read,conditional,/
microsoft.directory,microsoft.directory/userInfos/email/read,conditional,/
microsoft.directory,microsoft.directory/userInfos/openId/read,conditional,/
microsoft.directory,microsoft.directory/userInfos/phone/read,conditional,/
microsoft.directory,microsoft.directory/userInfos/profile/read,conditional,/
microsoft.directory,microsoft.directory/users/activateServicePlan,allowed,/
microsoft.directory,microsoft.directory/users/allProperties/allTasks,invalidAction,/
microsoft.directory,microsoft.directory/users/allProperties/read,invalidAction,/
microsoft.directory,microsoft.directory/users/appRoleAssignments/read,allowed,/
microsoft.directory,microsoft.directory/users/appRoleAssignments/update,notAllowed,/
microsoft.directory,microsoft.directory/users/assignLicense,notAllowed,/
microsoft.directory,microsoft.directory/users/authenticationMethods.email/basic/update,conditional,/
microsoft.directory,microsoft.directory/users/authenticationMethods.email/create,conditional,/
microsoft.directory,microsoft.directory/users/authenticationMethods.email/delete,conditional,/
microsoft.directory,microsoft.directory/users/authenticationMethods.email/standard/read,conditional,/
microsoft.directory,microsoft.directory/users/authenticationMethods.email/standard/restrictedRead,conditional,/
microsoft.directory,microsoft.directory/users/authenticationMethods.fido2/basic/update,conditional,/
microsoft.directory,microsoft.directory/users/authenticationMethods.fido2/create,conditional,/
microsoft.directory,microsoft.directory/users/authenticationMethods.fido2/delete,conditional,/
microsoft.directory,microsoft.directory/users/authenticationMethods.fido2/standard/read,conditional,/
microsoft.directory,microsoft.directory/users/authenticationMethods.fido2/standard/restrictedRead,conditional,/
microsoft.directory,microsoft.directory/users/authenticationMethods.microsoftAuthenticator/basic/update,conditional,/
microsoft.directory,microsoft.directory/users/authenticationMethods.microsoftAuthenticator/create,conditional,/
microsoft.directory,microsoft.directory/users/authenticationMethods.microsoftAuthenticator/delete,conditional,/
microsoft.directory,microsoft.directory/users/authenticationMethods.microsoftAuthenticator/standard/read,conditional,/
microsoft.directory,microsoft.directory/users/authenticationMethods.microsoftAuthenticator/standard/restrictedRead,conditional,/
microsoft.directory,microsoft.directory/users/authenticationMethods.password/basic/update,conditional,/
microsoft.directory,microsoft.directory/users/authenticationMethods.password/create,conditional,/
microsoft.directory,microsoft.directory/users/authenticationMethods.password/delete,conditional,/
microsoft.directory,microsoft.directory/users/authenticationMethods.passwordlessMicrosoftAuthenticator/basic/update,conditional,/
microsoft.directory,microsoft.directory/users/authenticationMethods.passwordlessMicrosoftAuthenticator/create,conditional,/
microsoft.directory,microsoft.directory/users/authenticationMethods.passwordlessMicrosoftAuthenticator/delete,conditional,/
microsoft.directory,microsoft.directory/users/authenticationMethods.passwordlessMicrosoftAuthenticator/standard/read,conditional,/
microsoft.directory,microsoft.directory/users/authenticationMethods.passwordlessMicrosoftAuthenticator/standard/restrictedRead,conditional,/
microsoft.directory,microsoft.directory/users/authenticationMethods.password/standard/read,conditional,/
microsoft.directory,microsoft.directory/users/authenticationMethods.password/standard/restrictedRead,conditional,/
microsoft.directory,microsoft.directory/users/authenticationMethods.securityQuestion/basic/update,conditional,/
microsoft.directory,microsoft.directory/users/authenticationMethods.securityQuestion/create,conditional,/
microsoft.directory,microsoft.directory/users/authenticationMethods.securityQuestion/delete,conditional,/
microsoft.directory,microsoft.directory/users/authenticationMethods.securityQuestion/standard/read,conditional,/
microsoft.directory,microsoft.directory/users/authenticationMethods.securityQuestion/standard/restrictedRead,conditional,/
microsoft.directory,microsoft.directory/users/authenticationMethods.sms/basic/update,conditional,/
microsoft.directory,microsoft.directory/users/authenticationMethods.sms/create,conditional,/
microsoft.directory,microsoft.directory/users/authenticationMethods.sms/delete,conditional,/
microsoft.directory,microsoft.directory/users/authenticationMethods.sms/standard/read,conditional,/
microsoft.directory,microsoft.directory/users/authenticationMethods.sms/standard/restrictedRead,conditional,/
microsoft.directory,microsoft.directory/users/authenticationMethods.softwareOath/basic/update,conditional,/
microsoft.directory,microsoft.directory/users/authenticationMethods.softwareOath/create,conditional,/
microsoft.directory,microsoft.directory/users/authenticationMethods.softwareOath/delete,conditional,/
microsoft.directory,microsoft.directory/users/authenticationMethods.softwareOath/standard/read,conditional,/
microsoft.directory,microsoft.directory/users/authenticationMethods.softwareOath/standard/restrictedRead,conditional,/
microsoft.directory,microsoft.directory/users/authenticationMethods.temporaryAccessPass/basic/update,conditional,/
microsoft.directory,microsoft.directory/users/authenticationMethods.temporaryAccessPass/create,conditional,/
microsoft.directory,microsoft.directory/users/authenticationMethods.temporaryAccessPass/delete,conditional,/
microsoft.directory,microsoft.directory/users/authenticationMethods.temporaryAccessPass/standard/read,conditional,/
microsoft.directory,microsoft.directory/users/authenticationMethods.temporaryAccessPass/standard/restrictedRead,conditional,/
microsoft.directory,microsoft.directory/users/authenticationMethods.voice/basic/update,conditional,/
microsoft.directory,microsoft.directory/users/authenticationMethods.voice/create,conditional,/
microsoft.directory,microsoft.directory/users/authenticationMethods.voice/delete,conditional,/
microsoft.directory,microsoft.directory/users/authenticationMethods.voice/standard/read,conditional,/
microsoft.directory,microsoft.directory/users/authenticationMethods.voice/standard/restrictedRead,conditional,/
microsoft.directory,microsoft.directory/users/authenticationMethods/basic/update,conditional,/
microsoft.directory,microsoft.directory/users/authenticationMethods/create,conditional,/
microsoft.directory,microsoft.directory/users/authenticationMethods/delete,conditional,/
microsoft.directory,microsoft.directory/users/authenticationMethods/standard/read,conditional,/
microsoft.directory,microsoft.directory/users/authenticationMethods/standard/restrictedRead,conditional,/
microsoft.directory,microsoft.directory/users/authorizationInfo/update,notAllowed,/
microsoft.directory,microsoft.directory/users/basicProfile/read,notAllowed,/
microsoft.directory,microsoft.directory/users/basicProfile/update,conditional,/
microsoft.directory,microsoft.directory/users/basic/update,notAllowed,/
microsoft.directory,microsoft.directory/users/changePassword,conditional,/
microsoft.directory,microsoft.directory/users/contactInfo/update,notAllowed,/
microsoft.directory,microsoft.directory/users/contactProfile/update,notAllowed,/
microsoft.directory,microsoft.directory/users/convertExternalToInternalMemberUser,notAllowed,/
microsoft.directory,microsoft.directory/users/create,notAllowed,/
microsoft.directory,microsoft.directory/users/customSecurityAttributes/read,notAllowed,/
microsoft.directory,microsoft.directory/users/customSecurityAttributes/update,notAllowed,/
microsoft.directory,microsoft.directory/users/delete,notAllowed,/
microsoft.directory,microsoft.directory/users/deviceForResourceAccount/read,allowed,/
microsoft.directory,microsoft.directory/users/directReports/read,allowed,/
microsoft.directory,microsoft.directory/users/disable,notAllowed,/
microsoft.directory,microsoft.directory/users/eligibleMemberOf/read,notAllowed,/
microsoft.directory,microsoft.directory/users/enable,notAllowed,/
microsoft.directory,microsoft.directory/users/extensionProperties/update,notAllowed,/
microsoft.directory,microsoft.directory/users/extensionProperties/update,notAllowed,/
microsoft.directory,microsoft.directory/users/guestBasicProfile/limitedRead,notAllowed,/
microsoft.directory,microsoft.directory/users/identities/read,notAllowed,/
microsoft.directory,microsoft.directory/users/identities/update,conditional,/
microsoft.directory,microsoft.directory/users/invalidateAllRefreshTokens,conditional,/
microsoft.directory,microsoft.directory/users/invitedBy/read,notAllowed,/
microsoft.directory,microsoft.directory/users/inviteGuest,allowed,/
microsoft.directory,microsoft.directory/users/jobInfo/update,notAllowed,/
microsoft.directory,microsoft.directory/users/licenseDetails/read,allowed,/
microsoft.directory,microsoft.directory/users/lifeCycleInfo/read,notAllowed,/
microsoft.directory,microsoft.directory/users/mail/read,notAllowed,/
microsoft.directory,microsoft.directory/users/manager/read,allowed,/
microsoft.directory,microsoft.directory/users/manager/update,notAllowed,/
microsoft.directory,microsoft.directory/users/memberOf/read,allowed,/
microsoft.directory,microsoft.directory/users/mobile/update,conditional,/
microsoft.directory,microsoft.directory/users/oAuth2PermissionGrants/read,allowed,/
microsoft.directory,microsoft.directory/users/ownedDevices/read,allowed,/
microsoft.directory,microsoft.directory/users/ownedObjects/read,allowed,/
microsoft.directory,microsoft.directory/users/parentalControls/update,notAllowed,/
microsoft.directory,microsoft.directory/users/passwordPolicies/update,notAllowed,/
microsoft.directory,microsoft.directory/users/password/update,notAllowed,/
microsoft.directory,microsoft.directory/users/pendingMemberOf/read,notAllowed,/
microsoft.directory,microsoft.directory/users/photo/read,allowed,/
microsoft.directory,microsoft.directory/users/photo/update,notAllowed,/
microsoft.directory,microsoft.directory/users/preferredDataLocation/update,notAllowed,/
microsoft.directory,microsoft.directory/users/registeredDevices/read,allowed,/
microsoft.directory,microsoft.directory/users/reprocessLicenseAssignment,notAllowed,/
microsoft.directory,microsoft.directory/users/restore,notAllowed,/
microsoft.directory,microsoft.directory/users/scopedRoleMemberOf/read,allowed,/
microsoft.directory,microsoft.directory/users/searchableDeviceKey/update,conditional,/
microsoft.directory,microsoft.directory/users/sponsors/read,allowed,/
microsoft.directory,microsoft.directory/users/sponsors/update,notAllowed,/
microsoft.directory,microsoft.directory/users/sponsors/update,notAllowed,/
microsoft.directory,microsoft.directory/users/standard/read,allowed,/
microsoft.directory,microsoft.directory/users/strongAuthentication/read,notAllowed,/
microsoft.directory,microsoft.directory/users/strongAuthentication/update,notAllowed,/
microsoft.directory,microsoft.directory/users/usageLocation/update,notAllowed,/
microsoft.directory,microsoft.directory/users/userPrincipalName/read,notAllowed,/
microsoft.directory,microsoft.directory/users/userPrincipalName/update,notAllowed,/
microsoft.directory,microsoft.directory/users/userType/update,notAllowed,/
microsoft.directory,microsoft.directory/verifiableCredentials/configuration/allProperties/read,invalidAction,/
microsoft.directory,microsoft.directory/verifiableCredentials/configuration/allProperties/update,invalidAction,/
microsoft.directory,microsoft.directory/verifiableCredentials/configuration/contracts/allProperties/read,invalidAction,/
microsoft.directory,microsoft.directory/verifiableCredentials/configuration/contracts/allProperties/update,invalidAction,/
microsoft.directory,microsoft.directory/verifiableCredentials/configuration/contracts/cards/allProperties/read,invalidAction,/
microsoft.directory,microsoft.directory/verifiableCredentials/configuration/contracts/cards/revoke,notAllowed,/
microsoft.directory,microsoft.directory/verifiableCredentials/configuration/contracts/create,notAllowed,/
microsoft.directory,microsoft.directory/verifiableCredentials/configuration/create,notAllowed,/
microsoft.directory,microsoft.directory/verifiableCredentials/configuration/delete,notAllowed,/
microsoft.agentRegistry,microsoft.agentRegistry/allEntities/allProperties/allTasks,invalidAction,/
microsoft.agentRegistry,microsoft.agentRegistry/allEntities/allProperties/read,invalidAction,/
microsoft.azure.advancedThreatProtection,microsoft.azure.advancedThreatProtection/allEntities/allTasks,invalidAction,/
microsoft.azure.customSecurityAttributeDiagnosticSettings,microsoft.azure.customSecurityAttributeDiagnosticSettings/allEntities/allProperties/allTasks,invalidAction,/
microsoft.azure.devOps,microsoft.azure.devOps/allEntities/allTasks,invalidAction,/
microsoft.azure.informationProtection,microsoft.azure.informationProtection/allEntities/allTasks,invalidAction,/
microsoft.azure.print,microsoft.azure.print/allEntities/allProperties/allTasks,invalidAction,/
microsoft.azure.print,microsoft.azure.print/connectors/allProperties/read,invalidAction,/
microsoft.azure.print,microsoft.azure.print/printers/allProperties/read,invalidAction,/
microsoft.azure.print,microsoft.azure.print/printers/basic/update,notAllowed,/
microsoft.azure.print,microsoft.azure.print/printers/register,notAllowed,/
microsoft.azure.print,microsoft.azure.print/printers/unregister,notAllowed,/
microsoft.azure.serviceHealth,microsoft.azure.serviceHealth/allEntities/allTasks,invalidAction,/
microsoft.azure.supportTickets,microsoft.azure.supportTickets/allEntities/allTasks,invalidAction,/
microsoft.backup,microsoft.backup/allEntities/allProperties/allTasks,invalidAction,/
microsoft.backup,microsoft.backup/allEntities/allProperties/read,invalidAction,/
microsoft.backup,microsoft.backup/exchangeProtectionPolicies/allProperties/allTasks,invalidAction,/
microsoft.backup,microsoft.backup/exchangeRestoreSessions/allProperties/allTasks,invalidAction,/
microsoft.backup,microsoft.backup/oneDriveForBusinessProtectionPolicies/allProperties/allTasks,invalidAction,/
microsoft.backup,microsoft.backup/oneDriveForBusinessRestoreSessions/allProperties/allTasks,invalidAction,/
microsoft.backup,microsoft.backup/restorePoints/sites/allProperties/allTasks,invalidAction,/
microsoft.backup,microsoft.backup/restorePoints/userDrives/allProperties/allTasks,invalidAction,/
microsoft.backup,microsoft.backup/restorePoints/userMailboxes/allProperties/allTasks,invalidAction,/
microsoft.backup,microsoft.backup/sharePointProtectionPolicies/allProperties/allTasks,invalidAction,/
microsoft.backup,microsoft.backup/sharePointRestoreSessions/allProperties/allTasks,invalidAction,/
microsoft.backup,microsoft.backup/siteProtectionUnits/allProperties/allTasks,invalidAction,/
microsoft.backup,microsoft.backup/siteRestoreArtifacts/allProperties/allTasks,invalidAction,/
microsoft.backup,microsoft.backup/userDriveProtectionUnits/allProperties/allTasks,invalidAction,/
microsoft.backup,microsoft.backup/userDriveRestoreArtifacts/allProperties/allTasks,invalidAction,/
microsoft.backup,microsoft.backup/userMailboxProtectionUnits/allProperties/allTasks,invalidAction,/
microsoft.backup,microsoft.backup/userMailboxRestoreArtifacts/allProperties/allTasks,invalidAction,/
microsoft.cloudPC,microsoft.cloudPC/allEntities/allProperties/allTasks,invalidAction,/
microsoft.cloudPC,microsoft.cloudPC/allEntities/allProperties/read,invalidAction,/
microsoft.commerce.billing,microsoft.commerce.billing/allEntities/allProperties/allTasks,invalidAction,/
microsoft.commerce.billing,microsoft.commerce.billing/allEntities/allProperties/read,invalidAction,/
microsoft.commerce.billing,microsoft.commerce.billing/purchases/standard/read,notAllowed,/
microsoft.commerce.volumeLicenseServiceCenter,microsoft.commerce.volumeLicenseServiceCenter/allEntities/allTasks,invalidAction,/
microsoft.dynamics365,microsoft.dynamics365/allEntities/allTasks,invalidAction,/
microsoft.dynamics365.businessCentral,microsoft.dynamics365.businessCentral/allEntities/allProperties/allTasks,invalidAction,/
microsoft.edge,microsoft.edge/allEntities/allProperties/allTasks,invalidAction,/
microsoft.edge,microsoft.edge/allEntities/allProperties/read,invalidAction,/
microsoft.networkAccess,microsoft.networkAccess/allEntities/allProperties/allTasks,invalidAction,/
microsoft.networkAccess,microsoft.networkAccess/allEntities/allProperties/read,invalidAction,/
microsoft.networkAccess,microsoft.networkAccess/trafficLogs/standard/read,notAllowed,/
microsoft.flow,microsoft.flow/allEntities/allTasks,invalidAction,/
microsoft.graph.dataConnect,microsoft.graph.dataConnect/allEntities/allProperties/allTasks,invalidAction,/
microsoft.graph.dataConnect,microsoft.graph.dataConnect/allEntities/allProperties/read,invalidAction,/
microsoft.hardware.support,microsoft.hardware.support/shippingAddress/allProperties/allTasks,invalidAction,/
microsoft.hardware.support,microsoft.hardware.support/shippingAddress/allProperties/read,invalidAction,/
microsoft.hardware.support,microsoft.hardware.support/shippingAddress/allProperties/update,invalidAction,/
microsoft.hardware.support,microsoft.hardware.support/shippingStatus/allProperties/read,invalidAction,/
microsoft.hardware.support,microsoft.hardware.support/warrantyClaims/allProperties/allTasks,invalidAction,/
microsoft.hardware.support,microsoft.hardware.support/warrantyClaims/allProperties/read,invalidAction,/
microsoft.hardware.support,microsoft.hardware.support/warrantyClaims/createAsOwner,notAllowed,/
microsoft.healthPlatform,microsoft.healthPlatform/allEntities/allProperties/allTasks,invalidAction,/
microsoft.healthPlatform,microsoft.healthPlatform/allEntities/allProperties/read,invalidAction,/
microsoft.insights,microsoft.insights/allEntities/allProperties/allTasks,invalidAction,/
microsoft.insights,microsoft.insights/allEntities/allProperties/read,invalidAction,/
microsoft.insights,microsoft.insights/programs/allProperties/update,invalidAction,/
microsoft.insights,microsoft.insights/queries/allProperties/allTasks,invalidAction,/
microsoft.insights,microsoft.insights/reports/allProperties/read,invalidAction,/
microsoft.intune,microsoft.intune/allEntities/allTasks,invalidAction,/
microsoft.intune,microsoft.intune/allEntities/read,invalidAction,/
microsoft.microsoft365.organizationalData,microsoft.microsoft365.organizationalData/allEntities/allProperties/allTasks,invalidAction,/
microsoft.microsoft365.organizationalData,microsoft.microsoft365.organizationalData/allEntities/allProperties/read,invalidAction,/
microsoft.office365.complianceManager,microsoft.office365.complianceManager/allEntities/allTasks,invalidAction,/
microsoft.office365.desktopAnalytics,microsoft.office365.desktopAnalytics/allEntities/allTasks,invalidAction,/
microsoft.office365.exchange,microsoft.office365.exchange/allEntities/basic/allTasks,invalidAction,/
microsoft.office365.exchange,microsoft.office365.exchange/messageTracking/allProperties/allTasks,invalidAction,/
microsoft.office365.exchange,microsoft.office365.exchange/migration/allProperties/allTasks,invalidAction,/
microsoft.office365.exchange,microsoft.office365.exchange/recipients/allProperties/allTasks,invalidAction,/
microsoft.office365.knowledge,microsoft.office365.knowledge/contentUnderstanding/allProperties/allTasks,invalidAction,/
microsoft.office365.knowledge,microsoft.office365.knowledge/contentUnderstanding/analytics/allProperties/read,invalidAction,/
microsoft.office365.knowledge,microsoft.office365.knowledge/knowledgeNetwork/allProperties/allTasks,invalidAction,/
microsoft.office365.knowledge,microsoft.office365.knowledge/knowledgeNetwork/topicVisibility/allProperties/allTasks,invalidAction,/
microsoft.office365.knowledge,microsoft.office365.knowledge/learningSources/allProperties/allTasks,invalidAction,/
microsoft.office365.lockbox,microsoft.office365.lockbox/allEntities/allTasks,invalidAction,/
microsoft.office365.messageCenter,microsoft.office365.messageCenter/messages/read,notAllowed,/
microsoft.office365.messageCenter,microsoft.office365.messageCenter/securityMessages/read,notAllowed,/
microsoft.office365.network,microsoft.office365.network/locations/allProperties/allTasks,invalidAction,/
microsoft.office365.network,microsoft.office365.network/performance/allProperties/read,invalidAction,/
microsoft.office365.organizationalMessages,microsoft.office365.organizationalMessages/allEntities/allProperties/allTasks,invalidAction,/
microsoft.office365.organizationalMessages,microsoft.office365.organizationalMessages/allEntities/allProperties/read,invalidAction,/
microsoft.office365.organizationalMessages,microsoft.office365.organizationalMessages/allEntities/allProperties/update,invalidAction,/
microsoft.office365.protectionCenter,microsoft.office365.protectionCenter/allEntities/allProperties/allTasks,invalidAction,/
microsoft.office365.protectionCenter,microsoft.office365.protectionCenter/allEntities/allProperties/read,invalidAction,/
microsoft.office365.protectionCenter,microsoft.office365.protectionCenter/allEntities/allProperties/update,invalidAction,/
microsoft.office365.protectionCenter,microsoft.office365.protectionCenter/allEntities/basic/update,invalidAction,/
microsoft.office365.protectionCenter,microsoft.office365.protectionCenter/allEntities/standard/read,invalidAction,/
microsoft.office365.protectionCenter,microsoft.office365.protectionCenter/attackSimulator/payload/allProperties/allTasks,invalidAction,/
microsoft.office365.protectionCenter,microsoft.office365.protectionCenter/attackSimulator/payload/allProperties/read,invalidAction,/
microsoft.office365.protectionCenter,microsoft.office365.protectionCenter/attackSimulator/reports/allProperties/read,invalidAction,/
microsoft.office365.protectionCenter,microsoft.office365.protectionCenter/attackSimulator/simulation/allProperties/allTasks,invalidAction,/
microsoft.office365.protectionCenter,microsoft.office365.protectionCenter/attackSimulator/simulation/allProperties/read,invalidAction,/
microsoft.office365.protectionCenter,microsoft.office365.protectionCenter/sensitivityLabels/allProperties/read,invalidAction,/
microsoft.office365.search,microsoft.office365.search/allEntities/allTasks,invalidAction,/
microsoft.office365.search,microsoft.office365.search/content/manage,notAllowed,/
microsoft.office365.securityComplianceCenter,microsoft.office365.securityComplianceCenter/allEntities/allTasks,invalidAction,/
microsoft.office365.securityComplianceCenter,microsoft.office365.securityComplianceCenter/allEntities/read,invalidAction,/
microsoft.office365.serviceHealth,microsoft.office365.serviceHealth/allEntities/allTasks,invalidAction,/
microsoft.office365.sharePoint,microsoft.office365.sharePoint/allEntities/allTasks,invalidAction,/
microsoft.office365.skypeForBusiness,microsoft.office365.skypeForBusiness/allEntities/allTasks,invalidAction,/
microsoft.office365.supportTickets,microsoft.office365.supportTickets/allEntities/allTasks,invalidAction,/
microsoft.office365.usageReports,microsoft.office365.usageReports/allEntities/allProperties/read,invalidAction,/
microsoft.office365.usageReports,microsoft.office365.usageReports/allEntities/standard/read,invalidAction,/
microsoft.office365.userCommunication,microsoft.office365.userCommunication/allEntities/allTasks,invalidAction,/
microsoft.office365.webPortal,microsoft.office365.webPortal/allEntities/standard/read,invalidAction,/
microsoft.office365.yammer,microsoft.office365.yammer/allEntities/allProperties/allTasks,invalidAction,/
microsoft.office365.yammer,microsoft.office365.yammer/allEntities/allProperties/read,invalidAction,/
microsoft.office365.copilot,microsoft.office365.copilot/allEntities/allProperties/allTasks,invalidAction,/
microsoft.office365.copilot,microsoft.office365.copilot/allEntities/allProperties/read,invalidAction,/
microsoft.office365.fileStorageContainers,microsoft.office365.fileStorageContainers/allEntities/allProperties/allTasks,invalidAction,/
microsoft.office365.fileStorageContainers,microsoft.office365.fileStorageContainers/allEntities/allProperties/read,invalidAction,/
microsoft.office365.migrations,microsoft.office365.migrations/allEntities/allProperties/allTasks,invalidAction,/
microsoft.office365.sharePointAdvancedManagement,microsoft.office365.sharePointAdvancedManagement/allEntities/allProperties/allTasks,invalidAction,/
microsoft.people,microsoft.people/users/photo/read,notAllowed,/
microsoft.people,microsoft.people/users/photo/update,notAllowed,/
microsoft.people,microsoft.people/users/photo/update,notAllowed,/
microsoft.people,microsoft.people/users/photo/update,notAllowed,/
microsoft.peopleAdmin,microsoft.peopleAdmin/organization/allProperties/read,invalidAction,/
microsoft.peopleAdmin,microsoft.peopleAdmin/organization/allProperties/update,invalidAction,/
microsoft.permissionsManagement,microsoft.permissionsManagement/allEntities/allProperties/allTasks,invalidAction,/
microsoft.permissionsManagement,microsoft.permissionsManagement/allEntities/allProperties/read,invalidAction,/
microsoft.places,microsoft.places/allEntities/allProperties/allTasks,invalidAction,/
microsoft.powerApps,microsoft.powerApps/allEntities/allTasks,invalidAction,/
microsoft.powerApps.powerBI,microsoft.powerApps.powerBI/allEntities/allTasks,invalidAction,/
microsoft.teams,microsoft.teams/allEntities/allProperties/allTasks,invalidAction,/
microsoft.teams,microsoft.teams/allEntities/allProperties/read,invalidAction,/
microsoft.teams,microsoft.teams/callQuality/allProperties/read,invalidAction,/
microsoft.teams,microsoft.teams/callQuality/standard/read,notAllowed,/
microsoft.teams,microsoft.teams/devices/standard/read,notAllowed,/
microsoft.teams,microsoft.teams/meetings/allProperties/allTasks,invalidAction,/
microsoft.teams,microsoft.teams/policies/externalAccessPolicy/allTasks,invalidAction,/
microsoft.teams,microsoft.teams/voice/allProperties/allTasks,invalidAction,/
microsoft.virtualVisits,microsoft.virtualVisits/allEntities/allProperties/allTasks,invalidAction,/
microsoft.virtualVisits,microsoft.virtualVisits/allEntities/allProperties/read,invalidAction,/
microsoft.viva.glint,microsoft.viva.glint/allEntities/allProperties/allTasks,invalidAction,/
microsoft.viva.glint,microsoft.viva.glint/allEntities/allProperties/read,invalidAction,/
microsoft.viva.goals,microsoft.viva.goals/allEntities/allProperties/allTasks,invalidAction,/
microsoft.viva.goals,microsoft.viva.goals/allEntities/allProperties/read,invalidAction,/
microsoft.viva.pulse,microsoft.viva.pulse/allEntities/allProperties/allTasks,invalidAction,/
microsoft.viva.pulse,microsoft.viva.pulse/allEntities/allProperties/read,invalidAction,/
microsoft.windows.defenderAdvancedThreatProtection,microsoft.windows.defenderAdvancedThreatProtection/allEntities/allTasks,invalidAction,/
microsoft.windows.updatesDeployments,microsoft.windows.updatesDeployments/allEntities/allProperties/allTasks,invalidAction,/
microsoft.windows.updatesDeployments,microsoft.windows.updatesDeployments/allEntities/allProperties/read,invalidAction,/
